"post_id"	"post_message"	"by"	"post_published_unix"	"post_lang"	"likes_at_posting"	"likes_count_fb"	"comments_count_fb"	"shares_count_fb"	"reactions_count"	"engagement_index"	"emoji"	"emnum"
"MercyShips-10156980445394900"	"Please join us in praying for safe and steady seas as the #AfricaMercy makes its way to Dakar Senegal! We pray for their safety and that this may be a time of calm and preparation as all hands are on deck to pave the way for the upcoming field service."	"MercyShips"	1565646900	"en"	168877	851	61	149	160	1221	NA	0
"barncancerfonden-10156484705206388"	"Som praktikant pÃ¥ Barncancerfonden fÃ¥r man fÃ¶lja med pÃ¥ annorlunda uppdrag. MÃ¶t vÃ¥r praktikant Amanda BjÃ¶rnfot som var med nÃ¤r Expressen intervjuade Hedda vars lillasyster dog i cancer 2014. VÃ¥r blogg har fÃ¥tt nytt utseende och flyttat in pÃ¥ vÃ¥r vanliga sajt. LÃ¤s mer om dagen med Hedda i bloggen: https://www.barncancerfonden.se/blogg/heldag-med-hedda/"	"barncancerfonden"	1524759204	"se"	120076	150	1	8	13	172	NA	0
"HRWSweden-1029136950936122"	"FN firar 75 aÌŠr ğŸ‡ºğŸ‡³ Den 24 oktober varje aÌŠr firas FN-dagen och i aÌŠr aÌˆr det 75 aÌŠr sedan grundadet av de FoÌˆrenta Nationerna. FoÌˆr Human Rights Watch aÌˆr FN en plattform daÌˆr vi kan informera internationella tjaÌˆnstemaÌˆn och medlemslaÌˆnder om laÌˆget gaÌˆllande maÌˆnskliga raÌˆttigheter runt om i vaÌˆrlden paÌŠverka politik och driva paÌŠ braÌŠdskande aÌŠtgaÌˆrder foÌˆr att hantera maÌˆnskliga raÌˆttighetskriser. Under hoÌˆsten har flera viktiga processer roÌˆrande maÌˆnskliga raÌˆttigheter paÌŠgaÌŠtt inom FN: âš–ï¸ Valet av medlemslaÌˆnder till FN:s raÌŠd foÌˆr maÌˆnskliga raÌˆttigheter ğŸ‘©â€ğŸ‘§Valet av medlemmar till FN:s kommittee under konventionen om avskaffande av all slags diskriminering av kvinnor (CEDAW) ğŸ” Det aÌŠrliga sammantraÌˆdet av FN:s generalfoÌˆrsamling i kombination med hoÌˆgnivaÌŠmoÌˆten som bland annat beroÌˆr Pekingplattformen foÌˆr kvinnors raÌˆttigheter och biologisk maÌŠngfald. FN har paÌŠ maÌŠnga saÌˆtt visat sig vara en viktig organisation foÌˆr uppraÌˆtthaÌŠllandet av maÌˆnskliga raÌˆttigheter fraÌˆmst genom FN:s deklaration om de maÌˆnskliga raÌˆttigheterna och konventionen om medborgerliga och politiska raÌˆttigheter samt konventionen om ekonomiska sociala och kulturella raÌˆttigheter. Nu naÌˆr FN fyller 75 utmanas det globala samarbetet av nationalistiska och populistiska krafter. Samtidigt visar det att FN:s arbete foÌˆr maÌˆnskliga raÌˆttigheter aÌˆr viktigare aÌˆn naÌŠgonsin. Vad tycker du om FN? ğŸ‡ºğŸ‡³"	"HRWSweden"	1603519211	"se"	2053	7	1	0	2	10	"woman girl left-pointing magnifying glass"	3
"raddabarnen-10156409081821794"	"Happy Pride! ğŸ³ï¸â€ğŸŒˆ Unga HBTQ-aktivister lever farligt i Sydafrika. Men 16-Ã¥riga Kim har bestÃ¤mt sig. FÃ¶lj med Kim till Pride i Johannesburg."	"raddabarnen"	1564722000	"se"	170557	46	1	2	7	56	"rainbow"	1
"GbgStadsmission-1428648310493679"	"VI BEHÃ–VER KLÃ„DER! Vintern nÃ¤rmar sig och vi behÃ¶ver pÃ¥fyllning med klÃ¤der fÃ¶r bÃ¥de barn och vuxna. Rensa ut dÃ¤r hemma och lÃ¤mna till oss. Allt som Ã¤r helt och rent tar vi emot. Du kan lÃ¤mna i alla vÃ¥ra Ã¥tta second hand-butiker eller direkt till vÃ¥r insamlingscentral pÃ¥ Korpralsgatan 2 Bellevue. Allt vi fÃ¥r in sorteras pÃ¥ vÃ¥r insamlingscentral. DÃ¤rifrÃ¥n fÃ¶rmedlar vi sedan klÃ¤der till behÃ¶vande. Ã–verskottet sÃ¤ljer vi pÃ¥ Ebbes HÃ¶rna. Dela gÃ¤rna. Tack fÃ¶r din hjÃ¤lp! I lÃ¤nken hittar du vÃ¥ra butiker: http://www.stadsmissionen.org/second-hand/vara-butiker/"	"GbgStadsmission"	1479726210	"se"	8470	141	4	195	0	340	NA	0
"astmaallergiforbundet-1434551056573881"	"Nu Ã¤r det bara nÃ¥gra dagar kvar till Parfymfria veckan som Ã¤r den 7-13 november Du kan ocksÃ¥ stÃ¶dja kampanjen â€“ det Ã¤r enklare Ã¤n du tror! Tips nr 3: Visa extra hÃ¤nsyn i utsatta miljÃ¶er VÃ¥rdinrÃ¤ttningar skolor arbetsplatser och kollektivtrafik Ã¤r platser som kan vara svÃ¥ra â€“ ofta omÃ¶jliga â€“ att vÃ¤lja bort fÃ¶r den som Ã¤r Ã¶verkÃ¤nslig mot parfym. Ingenstans uppskattas visad hÃ¤nsyn lika mycket som hÃ¤r."	"astmaallergiforbundet"	1478250000	"se"	8897	129	2	102	0	233	NA	0
"linkopingsstadsmission.fb-1575217952555297"	"SECOND HAND GÃ¶r som vÃ¥rat vÃ¤nfÃ¶retag Esq skÃ¤nk gÃ¥vor fÃ¶r en bÃ¤ttre miljÃ¶ och ett mÃ¤nskligare samhÃ¤lle. I butiken har vi mÃ¥nga fina julklappstips bÃ¥de nya och begagnade. VÃ¥gen bestÃ¤mmer priset: KlÃ¤der 69:-/kg Textil 29:-/kg Vi finns pÃ¥ Roxtorpsgatan 14 Ã–ppet tisdag & torsdag 11-18 LÃ¶rdag 10-15 VÃ„LKOMNA!"	"linkopingsstadsmission.fb"	1512472065	"se"	5468	12	0	2	0	14	NA	0
"actsvenskakyrkan-2559907630801519"	"â€œVi mÃ¥ste fÃ¶rÃ¤ndra vÃ¥rt sÃ¤tt att tÃ¤nka och vÃ¥ra kÃ¶nsroller mÃ¥ste helt omdefinieras.â€ Det gÃ¥r inte alltid snabbt att fÃ¶rÃ¤ndra traditionella vÃ¤rderingar men Addisu ser en positiv fÃ¶rÃ¤ndring i Etiopien dÃ¤r civilsamhÃ¤llet nu fÃ¥r stÃ¶rre mÃ¶jligheter att engagera sig fÃ¶r mÃ¤nskliga rÃ¤ttigheter. #actnow"	"actsvenskakyrkan"	1581876206	"se"	25075	58	0	5	1	64	NA	0
"kvinnatillkvinna-10155562427452501"	"Med stÃ¶d frÃ¥n Botkyrka FolkhÃ¶gskola i Hallunda har volontÃ¤rer frÃ¥n Kvinna till Kvinna drivit en lokal studiecirkel med fokus pÃ¥ kvinnors rÃ¤ttigheter Ã¶ppen fÃ¶r alla kvinnor pÃ¥ skolan. Resultatet? StÃ¶rre medvetenhet och varaktigt engagemang hos deltagarna i den gemensamma kampen fÃ¶r kvinnors rÃ¤ttigheter!"	"kvinnatillkvinna"	1481300098	"se"	36669	94	0	4	5	103	NA	0
"minstoradag-2612123092170010"	"ANTONS STORA DAG I LEGOFABRIKEN 13-Ã¥riga Anton frÃ¥n AlingsÃ¥s har Ewing Sarkom en sorts cancer i benet. Behandlingen tog ett Ã¥r med cellgifter operation och strÃ¥lning. Anton har svÃ¥rt att gÃ¥ Ã¤r hjÃ¤rntrÃ¶tt och har svÃ¥rt att koncentrera sig i skolan pÃ¥ grund av sin sjukdom. Anton Ã¤r vÃ¤ldigt intresserad av Lego och hans Ã¶nskan var att fÃ¥ se hur man gÃ¶r Lego. Anton och familjen fick Ã¥ka till Billund i Danmark dÃ¤r bÃ¥de Legofabriken och Legoland ligger. Resans hÃ¶jdpunkt var att fÃ¥ besÃ¶ka Legofabriken och framfÃ¶rallt att trÃ¤ffa Legodesigners! Anton fick se kommande Ã¥rs designplaner och fick lÃ¤ra sig mer om hur en designer jobbar pÃ¥ Lego. Guiden Kalle som jobbat lÃ¤nge pÃ¥ Lego tog hand om familjen under dagen och all hans kunskap och berÃ¤ttelser gjorde dagen till ett Ã¤ventyr! â€“ Anton kommer att bÃ¤ra med sig denna upplevelse hela sitt liv sa Antons mamma efter resan. Sjukdomar och diagnoser tar inte jullov. Swisha en julgÃ¥va pÃ¥ 100 kr till 900 51 33 din gÃ¥va idag blir en Stor Dag imorgon!"	"minstoradag"	1575979789	"se"	96218	496	8	8	112	624	NA	0
"uppsalastadsmission-2596117903767076"	"FIRA FARSDAG med en gÃ¥va som gÃ¶r extra gott! â¤ï¸ Swisha pappa till 900 28 25 sÃ¥ bidrar du till en mÃ¤nskligare dag fÃ¶r alla som har det svÃ¥rt i Uppsala. <3"	"uppsalastadsmission"	1573376408	"se"	5223	14	0	4	4	22	"heavy black heart"	1
"lakareutangranser-10154390097620787"	"VÃ…R FJÃ„RDE Ã–NSKAN LÃ¤karen Animesh arbetar med tuberkulos i Vitryssland. Han Ã¶nskar att fler sjuka fick tillgÃ¥ng till nya tbc-lÃ¤kemedel som delamanid och bedaquiline. FÃ¶lj oss i sociala medier och ta del av fler Ã¶nskningar fÃ¶r 2017."	"lakareutangranser"	1483985580	"se"	379402	679	3	32	17	731	NA	0
"wateraidswe-10155909281104307"	"Idag 10:00 arrangerar vi ett seminarium pÃ¥ Sida om vatten och klimat. Medverkar gÃ¶r bland andra Jan Eliasson. Seminariet sÃ¤nds live pÃ¥ vÃ¥r hemsida och det gÃ¥r bra att stÃ¤lla frÃ¥gor till panelen pÃ¥ Twitter via hashtaggen #WildWater FÃ¶lj seminariet pÃ¥ lÃ¤nken: http://www.wateraid.org/se/vart-arbete/vad-det-handlar-om/vatten/varldsvattendagen-2017/wild-water"	"wateraidswe"	1490252100	"se"	6433	22	0	0	0	22	NA	0
"IslamicReliefSverige-209319523312871"	"KÃ¶nsbaserat vÃ¥ld ett stort folkhÃ¤lsoproblem. VÃ¥ld mot kvinnor hÃ¤nder i varje kultur och varje samhÃ¤lle runtom i vÃ¤rlden. Islamic Reliefs ordfÃ¶rande tar upp frÃ¥gan om varfÃ¶r det Ã¤r sÃ¥ viktigt fÃ¶r oss att uppmÃ¤rksamma och bekÃ¤mpa detta problem pÃ¥ en global nivÃ¥. Inom Islam Ã¤r det vÃ¤ldigt tydligt nÃ¤r det gÃ¤ller att skydda och hedra kvinnor. Gud den AllsmÃ¤ktige sÃ¤ger att vi ska vÃ¤rna om varandra och att vi ska frÃ¤mja kvinnors vÃ¤rdighet. Vi stÃ¥r upp fÃ¶r kvinnors rÃ¤ttigheter. Kommer du att gÃ¶ra det? LÃ¶sningarna bÃ¶rjar med oss. #16DaysOfActivism"	"IslamicReliefSverige"	1544403900	"se"	17440	86	3	12	9	110	NA	0
"berattarministeriet-1063210810407298"	"TÃ¤nk sÃ¥ viktig bibliotekariens roll Ã¤r! I fredags var vi med och tackade av Anneli Filipsson som gÃ¥r i pension efter fantastiska insatser i Husby bibliotek."	"berattarministeriet"	1448899542	"se"	3647	19	0	0	0	19	NA	0
"HRFriks-1787635874625307"	"Tinnitus Ã¤r verkligen jÃ¤ttemycket psykologi sÃ¤ger Nina Mohss i en intervju i tidningen Land. Nina har lÃ¤rt sig hantera sin tinnitus med hjÃ¤lp av hÃ¶rapparater och KBT. NÃ¥got som kÃ¤nns igen? Har du frÃ¥gor om tinnitus eller andra hÃ¶rselfrÃ¥gor vÃ¤lkommen att kontakta HÃ¶rsellinjen via formulÃ¤ret pÃ¥ www.horsellinjen.se:=:https://horsellinjen.se/ eller via telefon: 0771-888 000!"	"HRFriks"	1535618309	"se"	3532	26	3	6	0	35	NA	0
"riksforbundet.fub-1361923357191185"	"Nu har Ã¤ven besÃ¶karna pÃ¥ mÃ¤ssan MÃ¶tesplats VÃ¤lfÃ¤rdsteknik (mvte.se) fÃ¥tt ta del av kunskap frÃ¥n projektet Anpassad It. Projektet genomfÃ¶rdes pÃ¥ Mora folkhÃ¶gskola och har finansierats av Arvsfonden. FrÃ¥n Dalarna kom ocksÃ¥ ordfÃ¶randen fÃ¶r FUB Hedemora SÃ¤ter Anders Bond som Ã¤r psykolog och han hÃ¶ll ett fÃ¶redrag fÃ¶r MTVe-besÃ¶karna om tekniska hjÃ¤lpmedel och hur bÃ¥de miljÃ¶ns krav kan anpassas och den egna fÃ¶rmÃ¥gan stÃ¤rkas. NÃ¥gra av hans bilder finns hÃ¤r: andersbond.se/abond.pdf"	"riksforbundet.fub"	1485354124	"se"	2514	32	2	0	0	34	NA	0
"civilrightsdefenders-723011427738730"	"Robert HÃ¥rdh Civil Rights Defenders chef intervjuas i Sveriges Radio om oron fÃ¶r den sÃ¥ kallade Putindoktrinen."	"civilrightsdefenders"	1395653746	"se"	20942	12	0	1	0	13	NA	0
"GbgStadsmission-1222917984400047"	"SÃ¥ fint! <3 . De idÃ©burna organisationerna har en viktig plats i vÃ¥rt samhÃ¤lle. Vi gÃ¶r skillnad."	"GbgStadsmission"	1462304751	"se"	7737	40	0	0	0	40	NA	0
"savetheorangutan.sverige-1795622327124601"	"Varje dag fÃ¶rsvinner 20 orangutanger frÃ¥n regnskogen."	"savetheorangutan.sverige"	1525352829	"se"	10085	49	16	65	200	330	NA	0
"SLMK.1981-3692895004059633"	"FÃ¶r tre Ã¥r sedan den 7 juli 2017 befann vi oss i FN:s hÃ¶gkvarter i New York och var med om nÃ¥got historiskt. 122 av vÃ¤rldens stater dÃ¤ribland Sverige rÃ¶stade ja till ett fÃ¶rbud mot kÃ¤rnvapen. Men tre Ã¥r senare har Sverige vare sig skrivit under eller ratificerat fÃ¶rbudet. Vi fortsÃ¤tter att arbeta fÃ¶r att Sverige ska gÃ¶ra det rÃ¤tta och stÃ¥ upp mot kÃ¤rnvapen. Vill du stÃ¶tta vÃ¥rt arbete fÃ¶r en kÃ¤rnvapenfri vÃ¤rld? SkÃ¤nk valfri summa via Swish: 123 901 0901 eller bankgiro: 901-0901. FÃ¶r mer information om hur du kan stÃ¶tta oss gÃ¥ in pÃ¥: www.slmk.org/gava/:=:https://slmk.org/gava/ Tack fÃ¶r att du Ã¤r med och gÃ¶r vÃ¥rt arbete mÃ¶jligt!"	"SLMK.1981"	1594114771	"se"	2171	53	2	2	2	59	NA	0
"Tjejzonen-1927912313902933"	"#GivingTuesdaySweden - tre sÃ¤tt att stÃ¶tta Tjejzonen Giving Tuesday Ã¤r en dag som sÃ¤tter fokus pÃ¥ mÃ¤nniskors vilja att dela med sig bÃ¥de av sin tid och sitt engagemang. Vi vill idag uppmÃ¤rksamma alla fantastiska Storasystrar medlemmar och samarbetspartners som gÃ¶r stÃ¶det till tjejer mÃ¶jligt och samtidigt uppmana andra till att gÃ¶ra en god gÃ¤rning. Det kan du gÃ¶ra enkelt genom att: 1. SkÃ¤nka en valfri summa via Swish - superlÃ¤tt och supersnabbt! Swisha till nummer 123 90 02 072. 2. Bli medlem - fÃ¶r bara 200 kronor per Ã¥r kan du stÃ¶tta oss lite mer lÃ¥ngsiktigt genom ett medlemskap. 3. Starta insamling - starta egen insamling till fÃ¶rmÃ¥n fÃ¶r Tjejzonen och uppmana dina vÃ¤nner bekanta och kollegor att skÃ¤nka pengar. Mer information om hur du blir medlem eller startar insamling kan du hitta pÃ¥ www.tjejzonen.se/stod-oss:=:http://www.tjejzonen.se/stod-oss/ Tusen tack fÃ¶r att du delar med dig pÃ¥ #GivingTuesdaySweden ğŸ˜˜"	"Tjejzonen"	1511859840	"se"	5076	18	0	11	0	29	"face throwing a kiss"	1
"starforlifeofficial-10156696557634576"	"Truely can one lottery ticket really help change the sex habits of young adults? Answer: YES! Thanks to Postkodlotteriet for todays full-page ad in the Swedish daily paper Dagens Nyheter. And most of all thanks to all of you who participate in Postkodlotteriets weekly drawings!"	"starforlifeofficial"	1562072657	"en"	8851	56	1	2	6	65	NA	0
"kfumsverige-1715012785235550"	"Snart live frÃ¥n Bonn!"	"kfumsverige"	1510337219	"se"	2960	0	0	0	0	0	NA	0
"sjoraddning-10155120695498939"	"Tack till dig som sparar med hjÃ¤rtat! I gÃ¥r pÃ¥ HjÃ¤rtedagen fick SjÃ¶rÃ¤ddningssÃ¤llskapet ta emot den fantastiska summan 393 271 kronor. Spararna i Swedbanks Roburs Humanfond ger varje Ã¥r 2 % av sitt sparkapital till vÃ¤lgÃ¶rande Ã¤ndamÃ¥l. Stort tack till alla er som valt att rikta pengen till oss! https://www.swedbank.se/privat/spara-och-placera/fonder/hallbara-fonder/humanfond/index.htm#"	"sjoraddning"	1487166677	"se"	64610	291	1	10	4	306	NA	0
"stadsmissionen-10155510754268071"	"KÃ¶p vÃ¥r strumpa till alla och envar. Det hjÃ¤lper den som inga har. 100 kronor rÃ¤cker exempelvis till 10 par strumpor fÃ¶r nÃ¥gon som lever i akut hemlÃ¶shet. <3"	"stadsmissionen"	1513342869	"se"	24092	40	0	10	4	54	NA	0
"iogtnto-10156233697801289"	"IOGT international fÃ¶reslÃ¥s bli officiell partner till WHO."	"iogtnto"	1518168497	"se"	10953	65	2	6	6	79	NA	0
"linkopingsstadsmission.fb-103433377177998"	"VÃ¤lkommen till Ã¥rets vÃ¥rmarknad! Fynda krukor redskap bÃ¶cker mÃ¶bler dynor lyktor och mycket mer. Monicamakes kommer vara pÃ¥ plats och gÃ¶ra halsband med mer av gummislang. Rosalindcottage kommer tillverka handgjorda kolor samt annat gott som kommer finnas till fÃ¶rsÃ¤ljning. Kaffe kakor och korv med brÃ¶d fÃ¶r billig peng. Passa Ã¤ven pÃ¥ ta kort vid vÃ¥r Pop-Up vÃ¤gg och ta chansena att vinna ett presentkort pÃ¥ 500kr. TÃ¤vlingsreglerna finns pÃ¥ plats. Vi hÃ¥ller till ute pÃ¥ gÃ¥rden vid butiken i Tornby. Roxtorpsgatan 14B Varmt vÃ¤lkommen!"	"linkopingsstadsmission.fb"	1522999264	"se"	5553	0	0	0	0	0	NA	0
"imsweden.org-1429597073863283"	"ENGAGERA DIG. Globala mÃ¥len Ã¤r centrala i IMs arbete. PÃ¥ SDG Summit i New York trÃ¤ffas vÃ¤rldens ledare fÃ¶r att Ã¶ka takten i genomfÃ¶randet av dem. MÃ¥let fÃ¶r Agenda 2030 Ã¤r ett hÃ¥llbart samhÃ¤lle och en ekonomi inom ramen fÃ¶r jordens resurser. JÃ¤mlikhet och inkludering ska stÃ¥ i centrum â€“ och ingen ska lÃ¤mnas utanfÃ¶r! #Agenda2030 #LeaveNoOneBehind #GlobalamÃ¥len #ACT4SDGs #StandTogetherNow #IngenSkaLÃ¤mnasUtanfÃ¶r LÃ¤s mer om hur IM arbetar med Globala mÃ¥len: www.imsweden.org/vad-vi-gor/sa-forandrar-im-varlden/de-globala-malen/"	"imsweden.org"	1569353400	"se"	15390	34	1	3	0	38	NA	0
"rfsl.forbundet-10154473348957301"	"En sÃ¤rskild utredare ska gÃ¶ra en bred kartlÃ¤ggning av transpersoners villkor och situation i samhÃ¤llet och fÃ¶reslÃ¥ konkreta insatser som bidrar till fÃ¶rbÃ¤ttrade levnadsvillkor och ett tryggare livsutrymme fÃ¶r transpersoner. DU kan bidra!"	"rfsl.forbundet"	1496067863	"se"	15258	85	1	16	0	102	NA	0
"sverigeforunhcr-1478108542234334"	"En hÃ¤lsning frÃ¥n Joel Andersson pÃ¥ UNHCR i Syrien till er alla som stÃ¶der mÃ¤nniskorna i Syrien! Jag vill personligen tacka dig som varit med och hjÃ¤lpt till att hjÃ¤lpa folk pÃ¥ flykt frÃ¥n kriget."	"sverigeforunhcr"	1490369400	"se"	61637	240	3	22	15	280	NA	0
"GbgStadsmission-1629104167114758"	"Idag har Stadsmissionens volontÃ¤rer (och kommunikationsavdelningens lilla maskot) varit pÃ¥ #skongress och delat ut information frÃ¥n Sveriges Stadsmissioner om hur man pÃ¥ ett konstruktivt och humant sÃ¤tt kan arbeta med utsatta EU-medborgare. DÃ¤r trÃ¤ffade vi bland annat GÃ¶teborgs kommunstyrelseordfÃ¶rande Ann-Sofie Hermansson (S) som sedan lÃ¤nge Ã¤r en av Stadsmissionens vÃ¤nner och Lars G Linder ordfÃ¶rande i Eskilstuna Stadsmissions styrelse"	"GbgStadsmission"	1491653490	"se"	9139	14	0	0	0	14	NA	0
"RiksforbundetHjartLung-1101097346578583"	"Vi har varit pÃ¥ besÃ¶k hos vÃ¥r medlem Anders Juhlin som lever med fÃ¶rmaksflimmer. Anders berÃ¤ttar om livet och hur musiken Ã¤r hans bÃ¤sta medicin.HÃ¤ng med!"	"RiksforbundetHjartLung"	1458227408	"se"	1335	21	0	4	0	25	NA	0
"lakareivarlden-1191685417543819"	"Lucka 6 i LÃ¤kare i VÃ¤rldens adventskalender Flyktingstatusen Ã¤r skriven av mÃ¤n fÃ¶r mÃ¤n. Kvinnor som har varit trafficking offer fÃ¥r inte politisk asyl. - Eliot Wieslander pÃ¥ Europahuset den 7 mars. #liv2016"	"lakareivarlden"	1481008852	"se"	4156	18	0	4	3	25	NA	0
"djurensratt-10156881811663633"	"GOD JUL! ğŸ„ğŸ…"	"djurensratt"	1545646106	"en"	420153	1436	70	89	275	1870	"christmas tree father christmas"	2
"uppsalastadsmission-2858703440841853"	"VÃ¥rens friska vindar glÃ¤ntar pÃ¥ dÃ¶rren... ğŸ’¨ğŸŒ¦ och kanske dags att redan nu bÃ¶rja vÃ¥rstÃ¤da hem kÃ¶ksskÃ¥p och garderob? Sortera ut de hela och rena klÃ¤der och prylar som du inte lÃ¤ngre anvÃ¤nder dÃ¤rhemma och lÃ¤mna gÃ¤rna in nÃ¤r du besÃ¶ker nÃ¥gon av vÃ¥ra Second Hand butiker nÃ¤sta gÃ¥ng. BesÃ¶ker du oss i GrÃ¤nbystaden i helgen kan du ocksÃ¥ hitta dessa klÃ¤der och fÃ¶remÃ¥l hos oss. Och mycket annat fint givetvis! ğŸ¤— VÃ¤lkommen in! #uppsala #uppsalastadsmission #secondhand #fynd #klÃ¤der"	"uppsalastadsmission"	1583566200	"se"	5535	20	4	3	0	27	"dash symbol"	1
"Afghanistankommitten-10157410158267860"	"Andra staters maktspel Ã¤r det stÃ¶rsta hotet mot stabiliteten i Afghanistan. Lite helglÃ¤sning om landet med vÃ¤rldens mest utsatta folk - Afghanistan. https://sak.se/aktuellt/andra-staters-maktspel-storsta-hotet-mot-stabiliteten"	"Afghanistankommitten"	1573208379	"se"	17765	43	1	3	7	54	NA	0
"Laxhjalpen-1240393539307900"	"Vi Ã¤r nu i full gÃ¥ng med vÃ¥r rekrytering av nya engagerade lÃ¤xhjÃ¤lpare infÃ¶r vÃ¥rterminen! Ã„r det dig vi sÃ¶ker? HÃ¤ng med! http://laxhjalpen.se/bli-laxhjalpare/ Tack till Adlibris fÃ¶r utrymme i ert nyhetsbrev till studenter!"	"Laxhjalpen"	1449156763	"se"	1451	16	0	0	0	16	NA	0
"eskilstunastadsmission-1563104097177065"	"HAMSTRING AV MAT DRABBAR EKONOMISKT UTSATTA â€“ SÃ… KAN DU HJÃ„LPA TILL Den senaste tidens bunkring av mat har lett till att matbutikerna inte lÃ¤ngre har mÃ¶jlighet att stÃ¶tta vÃ¥ra verksamheter som tidigare. Maten rÃ¤cker helt enkelt inte till. MÃ¤ngden rÃ¥varor som vi fÃ¥r frÃ¥n vÃ¥ra samarbetsparters har minskat kraftigt och i vissa fall stannat av helt. Det betyder att vi har svÃ¥rt att erbjuda nÃ¤ringsrik och varierad kost i vÃ¥ra verksamheter. Det betyder ocksÃ¥ att vi inte lÃ¤ngre kan fylla vÃ¥ra matkassar som Matlaget delar ut som matstÃ¶d till familjer och hushÃ¥ll i ekonomisk utsatthet. I tider nÃ¤r mÃ¥nga barn och ungdomar stannar hemma och skolmaten uteblir drabbas dessa familjer extra hÃ¥rt. Nu behÃ¶ver vi din hjÃ¤lp. Ge din gÃ¥va sÃ¥ att vi kan fortsÃ¤tta vÃ¥rt arbete fÃ¶r att fler eskilstunabor ska kunna Ã¤ta sig mÃ¤tta. Tack fÃ¶r ditt bidrag och tack fÃ¶r att du delar inlÃ¤gget vidare! ğŸ’›"	"eskilstunastadsmission"	1584637967	"se"	5485	107	5	89	30	231	"yellow heart"	1
"greenpeace.sverige-10155257254286891"	"De statliga FÃ¶rsta till FjÃ¤rde AP-fonderna investerar 13 miljarder av vÃ¥ra pensionspengar i nÃ¤stan hÃ¤lften av vÃ¤rldens smutsigaste fossila fÃ¶retag. Det tycker vi Ã¤r fel. Skriv under fÃ¶r att sÃ¤tta press pÃ¥ AP-fonderna att #flyttapengarna och investera fÃ¶r framtiden: https://act.gp/2uoFpy0"	"greenpeace.sverige"	1522594811	"se"	124221	868	19	208	244	1339	NA	0
"AmnestySverige-10154921307564788"	"Den syriska regeringen utfÃ¶r masshÃ¤ngningar i fÃ¤ngelset Saydnaya. Tusentals har dÃ¶tt. Vi kan inte vÃ¤nda ryggen Ã¥t det hÃ¤r. Agera!"	"AmnestySverige"	1486467245	"se"	89357	218	96	246	474	1034	NA	0
"reachforchangeorg-3266889486711361"	"Today a reader tomorrow a leader! Happy International Literacy Day! ` International Literacy Day is the annual reminder of the importance of literacy as a matter of dignity and human rights. Despite the efforts of the international community there are still 773 million adults and young people who lack basic literacy skills. The recent pandemic crisis negatively affected the learning of children young people and adults worldwide reminding of the existing gap between reality and desired outcomes. During the initial phase of the pandemic schools were closed disrupting the education of over 50% of the worldâ€™s student population. Our social entrepreneurs are always ready to fight back! In response to this wide-spread issue of illiteracy Sheila Osei Boakye from Ghana founded Literacy4Life an organization working to equip children with the fundamental skills required for reading and writing. It offers a faster and effective comprehensive language and literacy program for reading problems through Read Magic digital applications online courses interactive toolkits and reading camps. Since entering our Incubator program several years ago Sheila supported more than 34 000 children and youth."	"reachforchangeorg"	1599559322	"en"	11022	3	0	0	0	3	NA	0
"rfsu.se-1811012375643079"	"Har du lust att ha mer lust? HÃ¤r Ã¤r vÃ¥ra fyra bÃ¤sta tips!"	"rfsu.se"	1534422906	"se"	14485	84	2	53	11	150	NA	0
"reachforchangeorg-998209370246062"	"Child 10 Summit anordnas av Reach for Change och Sophie Stenbeck Family Foundation varje Ã¥r i Stockholm fÃ¶r att uppmÃ¤rksamma innovativa ledare till grÃ¤srotsorganisationer vÃ¤rlden Ã¶ver. Genom att fÃ¶ra samman passionerade och modiga barnrÃ¤ttshjÃ¤ltar skapar vi ett forum dÃ¤r erfarenheter och lÃ¤rdomar kan delas. Gemensamt hittar vi lÃ¶sningar som gÃ¶r vÃ¤rlden till en bÃ¤ttre plats fÃ¶r utsatta barn. BesÃ¶k http://reachforchange.org/en/about/child10 fÃ¶r mer information om vÃ¥ra enastÃ¥ende pristagare och gilla oss pÃ¥ Child 10 fÃ¶r att inte missa uppdateringar om Child 10 Summit 2016. Vi kan knappt vÃ¤nta!! Se vÃ¥r fina film frÃ¥n 2015s Child 10 pÃ¥ https://www.youtube.com/watch?v=WAyTl-nFwjE"	"reachforchangeorg"	1455810065	"se"	9805	20	0	1	0	21	NA	0
"MercyShips-10157871113719900"	"Mercy Ships has partnered with several African countries to donate PPE in order to prevent the spread of COVID-19. Through our Mercy Ships Africa Bureau and key contacts we are exploring ways to best support our partner nations and team all over the world. We are working on providing further donations and we couldnâ€™t have done it without your support!"	"MercyShips"	1592258101	"en"	175687	199	0	29	30	258	NA	0
"hjarnfonden-10154763128653811"	"Att Ã¤lska nÃ¥gon man inte alltid fÃ¶rstÃ¥r Ã¤r nÃ¥got som Ã¤r svÃ¥rt att sÃ¤tta ord pÃ¥. Ibland kommer man nÃ¤rmre genom att skriva i abstrakt form och sjunga det dÃ¤rav kom lÃ¥ten Love Hate ADHD till. Alla intÃ¤kter frÃ¥n skivan har vi beslutat att oavkortat donera till HjÃ¤rnfondens ADHD insamling och vi Ã¤r tacksamma fÃ¶r alla som hjÃ¤lper oss att dela sprida och donera. Tack pÃ¥ fÃ¶rhand. / Dark Continent https://www.facebook.com/darkcontinentsweden"	"hjarnfonden"	1499613661	"se"	17994	42	0	9	2	53	NA	0
"civilrightsdefenders-10153827522470068"	"Fotografiska (The Swedish Museum of Photography): Todays bonus photo: Pieter ten Hoopen and Ruslan Mutsolgov. Pieter who exhibited with us before belongs to the great documentary photographers. Right now showing his movie Testimonies from North Caucasus about the region of the bloodiest conflicts of our time. The film features Ruslan Mutsolgov a human rights activist who with great danger to his life involved in the effort to raise awareness about and try to stop the mass atrocities that have become an everyday reality for the regions inhabitants. A very brave man."	"civilrightsdefenders"	1391967308	"en"	20315	31	0	1	0	32	NA	0
"PlanSverige-10157445668347004"	"Ditt stÃ¶d gÃ¶r grÃ¤nslÃ¶s skillnad! Valery Ã¤r 9 Ã¥r du ser henne hÃ¤r pÃ¥ grÃ¤nsstationen tillsammans med sin yngre syster. De Ã¤r de pÃ¥ vÃ¤g till Lima i Peru tvÃ¥ flickor pÃ¥ flykt. Familjen Ã¤r splittrad av krisen i Venezuela och mamma Kelyn tvingades lÃ¤mna sin 3-Ã¥riga son hemma med mormodern men hon hoppas att de snart ska Ã¥terfÃ¶renas i Peru. Valery ska ha ett ID men pÃ¥ grund av oroligheterna i vÃ¥rt land tar det vÃ¤ldigt lÃ¥ng tid att fÃ¥ fram de papper som behÃ¶vs sÃ¤ger mamma Kelyn. ğŸ‘‰Plan International Ã¤r pÃ¥ plats vid grÃ¤nsstationerna i Brasilien Ecuador Colombia och Peru fÃ¶r att erbjuda mat vatten sovplats och mediciner till de migranter som flyr oroligheterna i Venezuela. Som vid alla kriser Ã¤r smÃ¥ barn och tonÃ¥rsflickor bland de som drabbas hÃ¥rdast. TonÃ¥rstjejer tvingas sluta skolan gifts bort utsÃ¤tts fÃ¶r vÃ¥ld och riskerar att utsÃ¤ttas fÃ¶r mÃ¤nniskohandel. De glÃ¶ms dessutom ofta bort i humanitÃ¤ra insatser eftersom de frÃ¤mst riktar sig till vuxna och smÃ¥ barn."	"PlanSverige"	1531027200	"se"	63317	459	29	29	33	550	"white right pointing backhand index"	1
"djurensratt-10155921772883633"	"HÃ„STARNA DRABBAS NÃ„R VI TURISTAR â–º DELA inlÃ¤gget och sprid budskapet! AlltfÃ¶r ofta fÃ¥r Djurens RÃ¤tt bilder och rapporter om hÃ¤star som far illa runt om i vÃ¤rlden nÃ¤r de tvingas dra runt pÃ¥ turister. Men en glÃ¤djande nyhet Ã¤r att Barcelona frÃ¥n sommaren 2018 beslutat sig fÃ¶r att i princip upphÃ¶ra med detta djurplÃ¥geri - ett bra steg pÃ¥ vÃ¤gen! Men du har ett stort ansvar: var ALLTID en djurvÃ¤nlig turist vÃ¤lj bort djurplÃ¥geri nÃ¤r du reser!"	"djurensratt"	1512297173	"se"	394747	1040	328	1187	3938	6493	NA	0
"HRFriks-1975575072498052"	"I dag fick Sverige en hÃ¶rselskadad jÃ¤mstÃ¤lldhetsminister: Ã…sa Lindhagen (MP). Hon fÃ¥r Ã¤ven ansvar fÃ¶r arbetet mot diskriminering och segregation. FÃ¶r ett Ã¥r sedan intervjuades Ã…sa Lindhagen av Auris och berÃ¤ttade dÃ¥ om sitt liv med hÃ¶rapparater och varfÃ¶r hÃ¶rselskadan kan vara en tillgÃ¥ng fÃ¶r henne som politiker: Kanske har jag en bÃ¤ttre fÃ¶rstÃ¥else fÃ¶r att mÃ¤nniskor Ã¤r olika och har helt olika behov. LÃ¤s hela Auris-intervjun pÃ¥ lÃ¤nken nedan!"	"HRFriks"	1548094230	"se"	3795	239	11	36	18	304	NA	0
"barncancerfonden-10154369172391388"	"Idag drar cykelÃ¤ventyret Ride of Hope Europe 2016 igÃ¥ng. I Ã¥r cyklar man 104 mil pÃ¥ 7 dagar frÃ¥n Prag till mÃ¥lgÃ¥ngen vid Almers Hus i Varberg. Cyklisterna var taggade att komma ivÃ¤g fÃ¶r den fÃ¶rsta strÃ¤ckan pÃ¥ 18 mil till Dresden. HÃ¤r kan du se en video frÃ¥n de sista fÃ¶rberedelserna dagen fÃ¶re start. Ride of Hope Europe har redan samlat in fantastiska 52 mkr till Barncancerfondens arbete fÃ¶r barn med cancer. Tack alla kÃ¤mpar och lycka till pÃ¥ ert Ã¤ventyr."	"barncancerfonden"	1467637600	"se"	73827	289	2	0	8	299	NA	0
"WikimediaSverige-10157613422182876"	"Hur bra Ã¤r dina kunskaper om svensk grammatik? KÃ¤nner du att det finns hÃ¥l och luckor? Var lugn â€“ nu finns det helt fri hjÃ¤lp att fÃ¥! Ã…tminstone om du kan lÃ¤sa pÃ¥ engelska. I september mÃ¥nad Ã¤r nÃ¤mligen A Simplified Grammar of the Swedish Language frÃ¥n 1902 mÃ¥nadens utvalda text pÃ¥ engelsksprÃ¥kiga Wikisource. Ett tillfÃ¤lle du inte vill missa! Texten hittar du i sin helhet hÃ¤r: https://en.wikisource.org/wiki/A_Simplified_Grammar_of_the_Swedish_Language"	"WikimediaSverige"	1599122181	"se"	6431	21	6	0	2	29	NA	0
"linkopingsstadsmission.fb-1522542721156154"	"SKÃ„NKA GÃ…VOR GlasÃ¶gon som fina givare skÃ¤nkt till vÃ¥r Second Hand har just lÃ¤mnats vidare till Specsavers och projektet Ge Syn - ett par glasÃ¶gon kan vara skillnaden mellan fattigdom och att kunna se/arbeta/fÃ¶rsÃ¶rja sig sjÃ¤lv och sin familj! â™¥ï¸"	"linkopingsstadsmission.fb"	1507633378	"se"	5433	48	2	6	3	59	"black heart suit"	1
"stadsmissionen-10153420971068071"	"KÃ¶p en annorlunda strumpa till fars dag! FÃ¶r 100 kronor fÃ¥r du ett fint gÃ¥vobevis att ge bort. Din gÃ¥va rÃ¤cker till exempel till tio par nya strumpor Ã¥t nÃ¥gon som lever i hemlÃ¶shet i Stockholm."	"stadsmissionen"	1446119153	"se"	14610	109	0	41	0	150	NA	0
"StiftelsenFriends-2297623753605643"	"Ã…rets minsta julklapp Ã¤r bara tre bokstÃ¤ver stor. Men den kan gÃ¶ra all skillnad fÃ¶r ett barn som utsÃ¤tts fÃ¶r mobbning. #ettlitethej"	"StiftelsenFriends"	1544102151	"se"	76399	442	18	220	132	812	NA	0
"lakareivarlden-1008445969201099"	"Vi sÃ¶ker fler fantastiska volontÃ¤rer till SkÃ¥ne! Ã„r du sjukskÃ¶terska senior lÃ¤kare barnmorska specialist eller allmÃ¤nt passionerad? AnmÃ¤l dig pÃ¥ vÃ¥r hemsida."	"lakareivarlden"	1458205579	"se"	3632	16	0	5	0	21	NA	0
"Reumatikerforbundet-2732273556812174"	"I samband med Internationella reumatikerdagen har du mÃ¶jlighet att fÃ¥ svar pÃ¥ frÃ¥gor om reumatism. Skriv upp fredagen 11 oktober klockan 14.00 i kalendern. FÃ¶r dÃ¥ har du chansen att chatta med reumatologen Ulla Lindqvist. https://www.netdoktor.se/reumatism/expertchattar/reumatologen-svara-pa-fragor-om-reumatiska-sjukdomar/"	"Reumatikerforbundet"	1570556227	"se"	11235	45	4	24	0	73	NA	0
"kvinnatillkvinna-10160227980627501"	"VÃ¥ldtÃ¤kt Ã¶vergrepp och slaveri â€“ sexuellt vÃ¥ld skÃ¤r som ett rakblad genom samhÃ¤llen i krig. âŒ I dag pÃ¥ internationella dagen mot sexuellt vÃ¥ld i konflikt vill vi synliggÃ¶ra att sexuellt vÃ¥ld sker varje dag och mÃ¥ste stoppas! Tillsammans med vÃ¥ra partnerorganisationer jobbar vi fÃ¶r att: âœ”ï¸ fÃ¶rebygga och fÃ¶rhindra barnÃ¤ktenskap i flyktinglÃ¤ger âœ”ï¸ ge psykologiskt stÃ¶d till Ã¶verlevare som alla bÃ¤r pÃ¥ trauman âœ”ï¸ ge juridiskt stÃ¶d till Ã¶verlevare fÃ¶r att de ska fÃ¥ upprÃ¤ttelse âœ”ï¸ utbilda om sexuellt vÃ¥ld i krig och kvinnors rÃ¤ttigheter âœ”ï¸ fler fÃ¶rÃ¶vare ska stÃ¤llas till svars. Sexuellt vÃ¥ld i krig och konflikt Ã¤r ett allvarligt Ã¶vergrepp och brott mot de mÃ¤nskliga rÃ¤ttigheterna â€“ det kan vi aldrig acceptera."	"kvinnatillkvinna"	1592557203	"se"	50914	73	3	14	38	128	"cross mark heavy check mark heavy check mark heavy check mark heavy check mark heavy check mark"	6
"mentorsverige-1913921695352420"	"#VAL2018 Idag finns stora skillnader mellan barns mÃ¶jligheter att pÃ¥verka sin framtid. Enligt Barnkonventionen ska alla barn ha samma rÃ¤ttigheter men det kan ocksÃ¥ betyda att villkoren mÃ¥ste utjÃ¤mnas aktivt. Inga barn ska vara rÃ¤dda fÃ¶r vÃ¥ld och kriminalitet i sin vardag â€“ dÃ¥ Ã¤r det svÃ¥rt att fokusera pÃ¥ framtid och betyg! Vi mÃ¥ste tro pÃ¥ och stÃ¶tta ALLA BARN! Vad gÃ¶r ni Ã¥t saken? Socialdemokraterna MiljÃ¶partiet de grÃ¶na VÃ¤nsterpartiet Centerpartiet Kristdemokraterna Nya Moderaterna Liberalerna LÃ¤s alla Mentors valkrav: https://mentor.se/politiker-darfor-maste-ni-satsa-pa-ungdomarna/"	"mentorsverige"	1535704823	"se"	9542	15	0	2	1	18	NA	0
"suicidezero-2416715715057769"	"Idag Ã¤r det mors dag och vi tÃ¤nker pÃ¥ alla som saknar en mamma eller ett Ã¤lskat barnğŸ’š. Varje Ã¥r tar ungefÃ¤r 1 500 mÃ¤nniskor sitt liv. Det Ã¤r fyra om dagen. Bland dem finns mammor sÃ¶ner och dÃ¶ttrar som lÃ¤mnar en ofattbar sorg och saknad efter sig. KÃ¤nner du nÃ¥gon som saknar en mamma eller ett barn â€“ hÃ¶r av dig. Skicka ett mess ring bjud pÃ¥ fika. Det Ã¤r dom smÃ¥ omsorgerna som gÃ¶r skillnad."	"suicidezero"	1558854001	"se"	61354	230	33	55	208	526	"green heart"	1
"greenpeace.sverige-10156911080521891"	"Vid den fÃ¶rra finanskrisen rÃ¤ddade vi bankerna â€“ den hÃ¤r gÃ¥ngen borde vi rÃ¤dda mÃ¤nniskor och planeten. Det skriver Isadora Wronski Sverigechef Greenpeace. https://www.svd.se/styr-krispaketen-bort-fran-fossila-ekonomin"	"greenpeace.sverige"	1584639522	"se"	126290	780	6	193	65	1044	NA	0
"parasportSWE-1191953790870897"	"https://www.facebook.com/SWEParalympics/posts/1073643439377980"	"parasportSWE"	1471965816	"en"	3712	39	3	4	1	47	NA	0
"ThePerfectWorld-1226580540685500"	"Being a family means you are a part of something very wonderful. It means you will love and be loved for the rest of your life. http://gamerangersinternational.org/index.php/elephant-orphanage/"	"ThePerfectWorld"	1464521131	"en"	160310	895	22	297	94	1308	NA	0
"emmausstockholm-10156088272203392"	"EU mÃ¥ste agera mot Marocko gÃ¤llande VÃ¤stsahara! EU-parlamentarikerna Jytte Guteland(S) och Bodil Valero (MP) skriver i UNT i dag om hur de vill gÃ¥ vidare gÃ¤llande VÃ¤stsahara efter att Marocko stoppade dem frÃ¥n att komma in i landet."	"emmausstockholm"	1509695834	"se"	3113	6	0	0	0	6	NA	0
"thehungerprojectse-3490763574283363"	"There is a lockdown that we all are aware of. But there is no lockdown on hope. Rita Sarin landschef fÃ¶r The Hunger Project India om vÃ¥ra utmaningar och mÃ¶jligheter i och med spridningen av Coronaviruset."	"thehungerprojectse"	1587663056	"se"	6832	13	0	2	5	20	NA	0
"ActionAidSweden-10158252457143361"	"MÃ¤ns vÃ¥ld mot kvinnor Ã¶kar under kriser. I delar av Bangladesh har mÃ¤ns vÃ¥ld mot kvinnor Ã¶kat med 983 procent. Var med och skapa fÃ¶rÃ¤ndring! Bli mÃ¥nadsgivare idag!"	"ActionAidSweden"	1594548812	"se"	15562	2	1	2	8	13	NA	0
"AnhorigasRiksforbund-672780049528014"	"Boka din plats pÃ¥ Ã¥rets AnhÃ¶rigriksdag i Varberg den 10-11 maj! DÃ¤r trÃ¤ffar du bland annat Lisa Andersson som lÃ¤r dig effektiv kommunikation Mathias Malte Hallquist som pratar relationer och Soheila Fors kvinnan som vÃ¤xte upp som adelsflicka i Iran blev gerillasoldat och i dag kÃ¤mpar fÃ¶r att bryta utanfÃ¶rskapet fÃ¶r kvinnor som lever i hederskulturer. Varmt vÃ¤lkommen! FÃ¶r program och anmÃ¤lan: http://axacoair.se/go?HsGdJMkO"	"AnhorigasRiksforbund"	1459943292	"se"	874	486	18	54	5	563	NA	0
"lakareutangranser-10155189786635787"	"GrÃ¤nspolis i flera EU-lÃ¤nder anvÃ¤nder vÃ¥ld fÃ¶r att hindra mÃ¤nniskor frÃ¥n att ta sig Ã¶ver grÃ¤nsen frÃ¥n Serbien. Inte ens barn och unga skonas frÃ¥n den brutala behandlingen - av vÃ¥ra patienter i Serbien Ã¤r Ã¶ver 80 procent pojkar under 18 Ã¥r. NÃ¤stan alla berÃ¤ttar att polis begÃ¥tt Ã¶vergreppen. LÃ¤s vÃ¥r rapport frÃ¥n Serbien hÃ¤r: http://bit.ly/2xT0Q8n:=:https://lakareutangranser.se/vart-arbete/rapporter/games-violence?utm_source=Facebook&utm_medium=post&utm_content=RapportGamesViolence&utm_campaign=news"	"lakareutangranser"	1507138200	"se"	387984	160	41	70	304	575	NA	0
"barncancerfonden-986848031518999"	"Saga Lundin fick diagnosen osteosarkom nÃ¤r hon var 15 Ã¥r. Cancern var obotlig och Saga berÃ¶rde mÃ¥nga nÃ¤r hon berÃ¤ttade Ã¶ppet om sin cancer i sin blogg. Saga blev bara 17 Ã¥r och vi mÃ¶ter henne och familjen i Barncancergalan pÃ¥ mÃ¥ndag kl 20.00. StÃ¶tta kampen mot barncancer genom att bli Barnsupporter redan idag: https://www.barncancerfonden.se/barnsupporter:=:https://www.barncancerfonden.se/jag-vill-bidra/bli-manadsgivare"	"barncancerfonden"	1538142300	"se"	121306	250	121	195	753	1319	NA	0
"emmausstockholm-10156160669938392"	"Just nu pÃ¥gÃ¥r nÃ¤tverkstrÃ¤ff fÃ¶r VÃ¤stsahara med flera medverkande organisationer. Erik Hagen frÃ¥n norska StÃ¶ttekommittÃ©n fÃ¶r VÃ¤stsahara berÃ¤ttar hur de blivit framgÃ¥ngsrika med att engagera unga inte minst ungdomspolitiker frÃ¥n alla partier i VÃ¤stsaharafrÃ¥gan."	"emmausstockholm"	1511611491	"se"	3115	22	0	4	0	26	NA	0
"greenpeace.sverige-152042621807984"	""	"greenpeace.sverige"	1442936647	"en"	96634	209	1	0	0	210	NA	0
"AMREFNordic-2502113216468205"	"SÃ–KES: VolontÃ¤rer till LidingÃ¶loppet pÃ¥ lÃ¶rdag!"	"AMREFNordic"	1556560266	"se"	992	4	0	0	2	6	NA	0
"foreningenfuruboda-1809633189083509"	"SÃ¶k hÃ¶stens Assistentkurs pÃ¥ Furuboda folkhÃ¶gskola i YngsjÃ¶ â€“ 95% fÃ¥r garanterat jobb efter kursen. http://furuboda.org/2018/assistentkursen-sok-nu/ Det Ã¤r stor efterfrÃ¥gan pÃ¥ utbildad personal inom vÃ¥rd och omsorg. 95% av vÃ¥ra deltagare som lÃ¤st Assistentkursen har fÃ¥tt jobb direkt efter utbildningen och arbetar idag inom vÃ¥rd och omsorg. Behovet av elevassistenter och personliga assistenter Ã¤r stort. Kursen ger bÃ¥de dig som studerande goda mÃ¶jligheter till ett arbete direkt efter studierna och hÃ¶jer Ã¤ven kvalitÃ©n inom assistentyrket i samhÃ¤llet."	"foreningenfuruboda"	1529584595	"se"	1742	44	7	6	0	57	NA	0
"hjartlungfonden-10158370507093320"	"250 000 personer i Sverige lider av hjÃ¤rtsvikt och fÃ¶r de svÃ¥rast sjuka kan en hjÃ¤rttransplantation vara den enda chansen till Ã¶verlevnad. Bristen pÃ¥ donatorer Ã¤r dock stor. Just nu pÃ¥gÃ¥r ett forskningsprojekt som gÃ¥r ut pÃ¥ att utveckla en mekanisk hjÃ¤rtpump som kan fÃ¥ fler att Ã¶verleva. FÃ¶r att lyckas behÃ¶vs mer forskning. Och forskning kostar pengar."	"hjartlungfonden"	1593669636	"se"	39354	125	9	16	38	188	NA	0
"friskfri-1390542624465467"	"Efterlysning: BERÃ„TTA I INSIKT OM VAD SOM LÃ…G BAKOM ATT DU DRABBADES AV EN Ã„TSTÃ–RNING. Sedan ett antal nummer har Insikt publicerar texter under vinjetten â€Min bakgrundâ€. DÃ¤r har personer delat med sig av sina tankar om varfÃ¶r just de drabbades av en Ã¤tstÃ¶rning. Nu sÃ¶ker vi fler texter om din historia bakom problem med mat och kropp. Som vanligt har vi ett fokus pÃ¥ vad som hjÃ¤lpt en bli frisk och sÃ¥ smÃ¥ningom fri och hÃ¤r vill vi sÃ¤rskilt undersÃ¶ka om bakgrunden ocksÃ¥ kan rymma en nyckel till tillfrisknande. Du kan skriva fritt eller svara pÃ¥ intervjufrÃ¥gor via mejl. Kontakta redaktÃ¶r Nike Linn pÃ¥ insikt@friskfri.se snarast om du Ã¤r intresserad av att medverka."	"friskfri"	1592909885	"se"	7026	52	3	4	9	68	NA	0
"Reumatikerforbundet-2152034548169414"	"Ny ledtrÃ¥d Ã¤r pÃ¥ plats inom SLE-forskningen. I ReumatikervÃ¤rlden nr 5 publicerades en artikel om det. HÃ¤r kan du lÃ¤sa artikeln. https://www.reumatikerforbundet.org/aktuellt/nyheter/viktig-ledtrad-pa-plats-inom-sle-forskningen/?fbclid=IwAR2b3C78-gG_LKZVkWehMT37IzczNk1peaPtlOIrDOH-Gz7el599Tw7bARc#.W_KEvnLbSho.facebook"	"Reumatikerforbundet"	1542620961	"se"	10643	120	0	16	4	140	NA	0
"fralsningsarmen-2534016366641198"	"Varje dag begÃ¥s brott mot mÃ¤nskligheten. Varje dag krÃ¤nks det mÃ¤nskliga vÃ¤rdet. Varje dag fÃ¶rminskas miljontals mÃ¤nniskor till nÃ¥got ovÃ¤rdigt till produkter i en slavhandel dÃ¤r de kÃ¶ps och sÃ¤ljs som handelsvaror. Idag Ã¤r det FrÃ¤lsningsarmÃ©ns internationella bÃ¶nedag fÃ¶r mÃ¤nniskohandelns offer! ğŸ™â¤ï¸"	"fralsningsarmen"	1569139501	"se"	22207	43	1	14	7	65	"person with folded hands heavy black heart"	2
"viskogen-10155886633742211"	"Hurra! Vi-skogen har fÃ¥tt finansiering frÃ¥n EU fÃ¶r ett spÃ¤nnande projekt i Kenya och Tanzania! Projektet gÃ¥r ut pÃ¥ att bevara ekosystemet och frÃ¤mja hÃ¥llbar utveckling fÃ¶r lokalbefolkningen i omrÃ¥dena Mara och Serengeti. Vi-skogens agroforestry-metod kommer leda till fÃ¶rbÃ¤ttrad inkomst fÃ¶r mÃ¤nniskorna som bor i omrÃ¥det. Projektet syftar ocksÃ¥ till att skydda djurlivet och den biologiska mÃ¥ngfalden. Vi-skogens regionchef Lena Kalmelid berÃ¤ttar mer!"	"viskogen"	1516624155	"se"	62077	318	9	28	12	367	NA	0
"vasterasstadsmission-1592253230787547"	"HÃ¤r stÃ¥r Rickard och hÃ¥ller lÃ¥da... Har du ocksÃ¥ nÃ¥gon flyttlÃ¥da med saker undanstuvad i nÃ¥got fÃ¶rrÃ¥d eller garage? SÃ¥na dÃ¤r saker som kan vara bra att ha men som i Ã¤rlighetens namn aldrig kommer plockas fram igen. Vi ger dina gamla prylar nytt liv i nya hem hos nÃ¥gon som verkligen behÃ¶ver dem. Samtidigt hjÃ¤lper vi mÃ¤nniskor i hemlÃ¶shet missbruk och andra utsatta situationer. Din flyttlÃ¥da kan gÃ¶ra stor skillnad fÃ¶r mÃ¥nga VÃ¤sterÃ¥sare!"	"vasterasstadsmission"	1500301560	"se"	5002	55	1	7	3	66	NA	0
"neurosweden-1905647146197269"	"Vad hÃ¤nder inom forskning och lÃ¤kemedel mot ms? Hur Ã¤r det att leva med ms? Fullt hus pÃ¥ Ã¶ppen fÃ¶relÃ¤sning pÃ¥ ABF-huset i Stockholm. Stort tack till Ã¶verlÃ¤kare Albert Hietala och diagnosstÃ¶djare Irene Nelson som fÃ¶relÃ¤ste! ğŸ‘ğŸ‘Œâ­ï¸"	"neurosweden"	1542737371	"se"	15182	62	3	1	2	68	"clapping hands sign ok hand sign white medium star"	3
"eskilstunastadsmission-947031812117633"	"Julen Ã¤r en tid fylld av kÃ¤rlek och omtanke. Vi blir sÃ¥ glada att se att det finns sÃ¥ mycket mÃ¤nniskor som bryr sig! IkvÃ¤ll tackar vi fÃ¶r Biljetterna till en GUIF match fÃ¶r barnfamiljerna i Matlaget. Vi tackar Peugothuset Profeel och Sigma. Vi tackar Ã¤ven alla underbara mÃ¤nniskor som inte syns hÃ¤r pÃ¥ Facebook ni Ã¤r mÃ¥nga."	"eskilstunastadsmission"	1513963263	"se"	4863	85	4	1	3	93	NA	0
"savetheorangutan.sverige-1774827775870723"	"En tvÃ¥ tre fyra ... nej vÃ¤nta ... en tvÃ¥ tre ... vart tog Siro vÃ¤gen? En tvÃ¥ tre fyra ... nej vÃ¤nta ... Lyckligtvis kÃ¤nner barnvakten pÃ¥ Nyaru Menteng orangutangerna mycket bra - och de vet vem som de ska hÃ¥lla ett Ã¶ga pÃ¥. Annars skulle det kunna vara en Ã¶vervÃ¤ldigande uppgift att fÃ¶ra dessa ungdomar hem frÃ¥n Skogsskolan."	"savetheorangutan.sverige"	1523541602	"se"	10031	66	1	2	30	99	NA	0
"rightlivelihood-10158569166139879"	"TODAY IS THE DAY! Celebrate with us the amazing achievement of the 2019 #RightLivelihoodAward Laureates: â¡ï¸ Aminatou Haidar â¡ï¸ Guo Jianmei â¡ï¸ Greta Thunberg â¡ï¸ Davi Kopenawa / Hutukara AssociaÃ§Ã£o Yanomami Watch the Award Presentation LIVE at 19:30 (CET) â¡ï¸ rightlivelihood.org"	"rightlivelihood"	1575464971	"en"	14443	89	17	43	18	167	"black rightwards arrow black rightwards arrow black rightwards arrow black rightwards arrow black rightwards arrow"	5
"linkopingsstadsmission.fb-1195643633846066"	"WOW HÃ–RRNI 800 fÃ¶ljare pÃ¥ instagram idag! Tack till alla er som gillar lÃ¤ser och delar Stadsmissionens inlÃ¤gg. Ni hjÃ¤lper oss att nÃ¥ ut till fler. Tillsammans bygger vi ett mÃ¤nskligare samhÃ¤lle. <3 #linkÃ¶ping #linkÃ¶pingsstadsmission #linkopingsstadsmission #fÃ¶rettmÃ¤nskligaresamhÃ¤lle #stadsmissionen"	"linkopingsstadsmission.fb"	1480251359	"se"	4777	16	0	2	0	18	NA	0
"riksforbundet.fub-1904984316218417"	"Almedalen Ã¤r igÃ¥ng! Vi inleder med funktionshinderrÃ¶relsens utfrÃ¥gning av VÃ¤nsterpartiet och Ulla Andersson. #funkpol #pressapartierna"	"riksforbundet.fub"	1530439685	"se"	3349	46	0	4	1	51	NA	0
"sosbarnbyar-3318111851541784"	"I dag Ã¤r det den internationella flyktingdagen. UngefÃ¤r fyra miljoner flyktingar har lÃ¤mnat Venezuela varav cirka 25.000 Ã¤r barn och unga utan vuxna med sig. Marco Ã¤r en av dem han har tagit sig till Ecuador trots att grÃ¤nsen Ã¤r stÃ¤ngd och landet krÃ¤ver visum. De hÃ¤r ungdomarna Ã¤r extra utsatta i sin situation. SOS Barnbyar arbetar fÃ¶r att trygga deras nutid och framtid. Foto: Alejandra Kaiser"	"sosbarnbyar"	1592636462	"se"	46008	34	0	2	16	52	NA	0
"naturskyddsforeningen-10153938824946609"	"Nyhet â€“ Bra MiljÃ¶val-mÃ¤rkta taxiresor. #BraMiljÃ¶val #Klimatmaxa"	"naturskyddsforeningen"	1461405604	"se"	151709	2360	105	277	113	2855	NA	0
"fondenforpsykiskhalsa-1830973866971768"	""	"fondenforpsykiskhalsa"	1538947806	"en"	1328	10	0	1	2	13	NA	0
"warchildsverige-2470900339824763"	"Ni har vÃ¤l inte missat att fantastiska Peder Fredricson Ã¤r ambassadÃ¶r fÃ¶r War Child? âœ¨ Just nu Ã¤r vi pÃ¥ plats pÃ¥ JÃ¶nkÃ¶ping Horse Show ğŸ™ŒğŸ½ Kom fÃ¶rbi och sÃ¤g hej och lÃ¤r dig mer om vÃ¥rt arbete. â™¥ï¸ #jhs19 #jÃ¶nkÃ¶pinghorseshow"	"warchildsverige"	1572428789	"se"	4519	12	0	0	6	18	"sparkles person raising both hands in celebration black heart suit"	3
"Afrikagrupperna-10163715035270696"	"â€“ ProSavana Ã¤r ett exempel pÃ¥ ett icke-inkluderande policyprogram som inte tar hÃ¤nsyn till lokalbefolkningens fÃ¶rutsÃ¤ttningar behov eller viljor. Projektet skulle innebÃ¤ra ett massivt inflÃ¶de av privata investeringar i en agribusinessmodell med ensidigt fokus pÃ¥ storskaliga monokulturer frÃ¤mst fÃ¶r den externa exportmarknaden sÃ¤ger Gloria Jimwaga policyrÃ¥dgivare pÃ¥ Afrikagrupperna till Mat och Klimat. LÃ¤s artikeln om det som skulle bli kontinentens stÃ¶rsta jordbruksprojekt i neokolonial modell men istÃ¤llet ledde till en av MoÃ§ambiques mest lyckade civilrÃ¤ttsliga kamper. #matsuverÃ¤nitet http://matochklimat.nu/prosavana-mocambiques-lokalbefolkning-vann-kampen-mot-den-globala-sojaindustrin/"	"Afrikagrupperna"	1594891300	"se"	11146	37	1	2	4	44	NA	0
"FNforbundet-10153490957710825"	"Kambale Ã¤r 7 Ã¥r gammal och bor i DR Kongo. Hans favoritÃ¤mnen Ã¤r franska och matte men mest av allt Ã¤lskar han fotboll! Genom gratis skolmat kan Kambale koncentrera sig pÃ¥ lektionerna och han drÃ¶mmer om att utbilda sig till prÃ¤st. Du kan vara med och stÃ¶dja barn som Kambale!"	"FNforbundet"	1463044764	"se"	10775	32	0	9	1	42	NA	0
"UNICEF-Sverige-10155380033385951"	"Hurra! Nu Ã¤r det klart - barnkonventionen blir svensk lag nÃ¥got vi kÃ¤mpat fÃ¶r i Ã¶ver tio Ã¥r! NÃ¤r lagen trÃ¤der i kraft 2020 kommer den att stÃ¤rka barns rÃ¤ttigheter och ge dem en starkare rÃ¶st i samhÃ¤llet. Fantastiskt eller hur? Stort tack till alla er som Ã¤r med och kÃ¤mpar fÃ¶r barnen!"	"UNICEF-Sverige"	1528899926	"se"	314768	5452	112	707	650	6921	NA	0
"RaoulWallenbergAcademy-3451098564961718"	"Ã„r du lÃ¤rare och funderar pÃ¥ hur du bÃ¤st motiverar dina elever i en vÃ¤rld dÃ¤r valmÃ¶jligheterna tycks bli allt fler? Raoul Wallenberg Academys Lisa Gawell bjuder den 21 april in till MasterClass i â€SjÃ¤lvledarskap som skapar skillnadâ€ under SETT-dagarna. DÃ¤r fÃ¥r du klarhet och verktyg fÃ¶r att utforska ditt eget sjÃ¤lvledarskap och stÃ¤rka dina elever. LÃ¤s mer och anmÃ¤l dig hÃ¤r Â» https://bit.ly/2utYDlW"	"RaoulWallenbergAcademy"	1579775681	"se"	8467	44	2	3	4	53	NA	0
"ungcancer-1436664653064524"	"Den 20 maj Linneplatsen kl 11.00-17.00 kommer vi att finnas pÃ¥ plats under GÃ¶teborgsvarvet. FÃ¶rutom att slÃ¥ pÃ¤rlrekord kommer SATS Sverige och HiYoga GÃ¶teborg bjuda pÃ¥ trÃ¤ning och yoga under bar himmel och alla Ã¤r givetvis vÃ¤lkomna! Yogis ta gÃ¤rna med er egen matta! ğŸ˜€"	"ungcancer"	1495025457	"se"	152010	67	4	3	0	74	"grinning face"	1
"StiftelsenFriends-2245047148863304"	"Tack fÃ¶r alla fina kommentarer om SnÃ¤llkalendern ğŸ’› HÃ¤rligt att sÃ¥ mÃ¥nga vill vara med och sprida goda handlingar! En god nyhet i Ã¥r Ã¤r att vi erbjuder gratis extramaterial fÃ¶r lÃ¤rare med tips pÃ¥ enkla och roliga sÃ¤tt att anvÃ¤nda kalendern i klassrummet. LÃ¤s mer hÃ¤r: https://shop.friends.se/produkt-kategori/snallkalendern:=:https://shop.friends.se/produkt-kategori/snallkalendern/"	"StiftelsenFriends"	1540999224	"se"	76344	145	4	14	12	175	"yellow heart"	1
"VarldsnaturfondenWWF-10157351645179530"	"HURRA! POSITIVA Ã…LNYHETER! Vi Ã¤r vÃ¤ldigt glada Ã¶ver att LÃ¤nsstyrelsen i SkÃ¥ne nu stÃ¤ller sig pÃ¥ den hotade Ã¥lens sida! Ã…l Ã¤ts av tradition mest i Sydsverige och det Ã¤r dÃ¤r motstÃ¥ndet mot fiskestopp har varit stÃ¶rst. ğŸŒŠNu vill LÃ¤nsstyrelsen i SkÃ¥ne att regeringen fÃ¶rbereder sig pÃ¥ att lÃ¶sa in de Ã¥lfiskelicenser som finns kvar! ğŸŒŠğŸŒŠDessutom tycker de att Havs- och Vattenmyndigheten HaV Ã¤r fel ute nÃ¤r de fÃ¶reslÃ¥r ett stopp i november-januari. LÃ¤gg istÃ¤llet stoppet i augusti-oktober fÃ¶r dÃ¥ gÃ¶r det mest nytta tycker LÃ¤nsstyrelsen. Det hÃ¥ller vi med om! (TyvÃ¤rr lyssnade inte HaV sÃ¥ stoppet blir i november-januari ...) ğŸŒŠğŸŒŠğŸŒŠDet Ã¤r ocksÃ¥ positivt att EU bestÃ¤mt om Ã¥lfiskestopp i hela EU och att fÃ¶rbudet Ã¤ven ska gÃ¤lla fÃ¶r glasÃ¥l. FÃ¶rra Ã¥ret var mÃ¥nga tveksamma till stoppet eftersom det inte gÃ¤llde glasÃ¥l och bara i Ã–stersjÃ¶n. Men WWF menade att det var ett steg i rÃ¤tt riktning och det visade sig stÃ¤mma! Vi jobbar fÃ¶r att Ã¥lfisket ska stoppas helt. Den senaste tidens utveckling visar att vi Ã¤r pÃ¥ vÃ¤g dit! LÃ¤s mer om Ã¥lens situation: https://www.wwf.se/djur/alar/ PS. Det Ã¤r i ett remissyttrande till Havs- och vattenmyndigheten som LÃ¤nsstyrelsen stÃ¥r upp fÃ¶r Ã¥len."	"VarldsnaturfondenWWF"	1560245671	"se"	514495	426	16	25	22	489	"water wave water wave water wave water wave water wave water wave"	6
"fralsningsarmen-1302866403089540"	"Tack fÃ¶r det Ã¥r som varit. Tack fÃ¶r de mÃ¤nniskor jag trÃ¤ffat. Tack fÃ¶r min familj. Tack fÃ¶r att varje dag Ã¤r en ny dag. Tack fÃ¶r de jag fÃ¥r kalla vÃ¤nner. Tack fÃ¶r att du finns! Amen."	"fralsningsarmen"	1483636921	"se"	13756	2426	42	87	87	2642	NA	0
"hjarnfonden-10157377102088811"	"Ã–dem ansamling av vÃ¤tska i hjÃ¤rnan bidrar till dÃ¶dligheten av hjÃ¤rntumÃ¶rer. Patrik Andersson en av HjÃ¤rnfondens postdoktorala stipendiater vill hitta sÃ¤tt att minska Ã¶dem sÃ¥ att fler liv kan rÃ¤ddas."	"hjarnfonden"	1590337651	"se"	33873	63	0	4	19	86	NA	0
"IslamicReliefSverige-921457914556137"	"HÃ¤r Ã¤r en film frÃ¥n det fantastiska initiativet FrÃ¥n barn till barn som MalmÃ¶s Unga Muslimer genomfÃ¶rde fÃ¶rsta helgen i november. Barn i MalmÃ¶ bakade pysslade och hade kul. Samtidigt hjÃ¤lpte de syriska barn i Libanon som lever pÃ¥ flykt undan kriget genom att skÃ¤nka intÃ¤kterna frÃ¥n fÃ¶rsÃ¤ljningen av sina bakverk till Islamic Relief. Pengarna gÃ¥r till vÃ¥r verksamhet i Libanon som ocksÃ¥ finansieras av VÃ¤rldens barn dÃ¤r vi hjÃ¤lper 1500 barn genom att fÃ¶rbÃ¤ttra deras psykosociala hÃ¤lsa och stÃ¶dja deras deltagande i utbildning. Stort tack till MalmÃ¶!"	"IslamicReliefSverige"	1447321460	"se"	8831	90	14	21	0	125	NA	0
"Blomsterfonden-1814010408679042"	""	"Blomsterfonden"	1531411725	"en"	1311	21	4	10	2	37	NA	0
